Exchange,ErrorCode,ErrorMsg
易达,0,无错误
易达,1,无仓位可平
易达,2,无足够资金开仓
易达,3,ydServer尚未就绪
易达,4,无此合约
易达,5,无此账户
易达,6,报单请求字段填写错误
易达,7,ydServer内存耗尽
易达,8,无此账户对应的交易所客户编码
易达,9,无法发送到交易所
易达,10,无交易权限
易达,11,报单数量错误
易达,12,AppID或AppAuthCode错误
易达,13,超过持仓限量
易达,14,超过成交限量
易达,15,超过撤单限量
易达,16,超过开仓限量
易达,17,无效的交易所席位连接编号
易达,18,已经完成登录
易达,19,密码错误
易达,20,登录请求数量超过限制
易达,21,无此用户
易达,22,不可以修改其他客户的密码
易达,23,修改密码时提供了无效的旧密码
易达,24,报单请求超过流控限制
易达,25,未通过自成交校验
易达,26,缺少管理权限
易达,27,错误的登录IP地址
易达,28,报单类型错误
易达,29,撤单请求中字段填写错误
易达,30,无此交易所
易达,31,无此报单
易达,32,非客户自己报单
易达,33,报单已经撤销或成交
易达,34,仅限价报单方可撤销
易达,35,客户报告错误
易达,36,超过账户最大报单量限制
易达,37,合约不能交易
易达,38,不合法的YDOrderFlag
易达,39,非期权合约
易达,40,价格超过涨跌停板
易达,41,报价中价格交叉
易达,42,报价字段错误
易达,43,报价数量错误
易达,44,报价没有找到
易达,45,取消报价字段错误
易达,46,报价不属于该账户
易达,47,报价已完成
易达,48,不支持的报价
易达,49,报价衍生的委托不可撤销
易达,50,登录连接超过最大限制
易达,51,持仓不足无法组合持仓
易达,52,组合持仓数量不足
易达,53,资金不足无法拆分组合持仓
易达,54,非法的组合持仓
易达,55,无法发送席位优选结果
易达,56,席位优选上报过于频繁
易达,57,非法的席位优选结果
易达,58,API版本低于柜台最低要求
易达,59,非法的交易权限
易达,60,非法的产品
易达,61,非法的出入金字段值
易达,62,Api版本高于ydServer
易达,63,资金使用比例过低
易达,64,合并执行合约对错误
易达,65,不是到期日
易达,66,不是适当的业务时间
易达,67,超出买入额度
易达,68,价格异常
易达,69,交易所不支持
易达,70,不是现券
易达,71,没有足够持仓可以锁定
易达,72,没有足够持仓可以解锁
易达,73,不能备兑权利仓
易达,74,备兑时现券仓不足
易达,75,备兑转换持仓不足
易达,76,备兑转换资金不足
易达,77,行权时现券仓不足
易达,78,OrderRef不正确
易达,79,没有可用席位，且有席位被流控
易达,80,交易所API发送错误
易达,81,内部拒单
易达,82,无法设置交易权限
易达,83,非法的GroupOrderRef
易达,84,非法的OrderGroupID
易达,85,尚未登陆
易达,86,保证金模型参数错误
易达,87,账户未启用该保证金模型
易达,88,当前保证金模型不允许使用组合持仓
易达,89,撤单太多
易达,90,信息量超限
易达,91,买卖开平不一致
易达,92,不符合最小价格变动单位
易达,93,合约已停牌
易达,94,不是合格投资者
易达,95,本系统禁止该产品交易
易达,96,现货超限仓
易达,97,现货日买入量超限
易达,500,无法发送报单到柜台
易达,501,批量报单报单数超过16个
易达,990,找不到组合持仓
易达,991,没有足够的组合持仓
易达,992,没有足够的单腿持仓
易达,993,错误的组合持仓
易达,994,持仓不足
易达,995,非期权合约
易达,996,字段错误
易达,997,重复本地报单号
易达,998,非交易时间
易达,999,模拟交易错误
上期所/能源所,1001,会话不正确
上期所/能源所,1002,合约找不到
上期所/能源所,1003,会员找不到
上期所/能源所,1004,客户找不到
上期所/能源所,1006,报单字段错误
上期所/能源所,1007,报价字段错误
上期所/能源所,1008,报单操作字段错误
上期所/能源所,1009,报价操作字段错误
上期所/能源所,1012,重复的报单
上期所/能源所,1013,重复的报价
上期所/能源所,1015,客户没有在该会员开户
上期所/能源所,1016,IOC需在连续交易阶段
上期所/能源所,1017,GFA需在集合竞价阶段
上期所/能源所,1018,市价单不能排队
上期所/能源所,1019,数量约束应在IOC单上
上期所/能源所,1020,GTD报单过期了
上期所/能源所,1021,最小数量大于报单数量
上期所/能源所,1022,交易所数据没有同步
上期所/能源所,1023,结算组数据没有同步
上期所/能源所,1024,报单找不到
上期所/能源所,1025,报价找不到
上期所/能源所,1026,当前状态禁止此项操作
上期所/能源所,1027,不合法的合约状态迁移
上期所/能源所,1028,报单已经全部成交
上期所/能源所,1029,报单已经撤销
上期所/能源所,1031,平仓时客户持仓不足
上期所/能源所,1032,超出客户限仓
上期所/能源所,1034,超出会员限仓
上期所/能源所,1035,找不到帐号
上期所/能源所,1036,资金不足
上期所/能源所,1037,不合法的数量
上期所/能源所,1045,结算组初始化状态不对
上期所/能源所,1048,价格非最小单位的倍数
上期所/能源所,1049,价格超出涨停板
上期所/能源所,1050,价格跌破跌停板
上期所/能源所,1051,没有交易权限
上期所/能源所,1052,只能平仓
上期所/能源所,1053,没有此项交易角色
上期所/能源所,1057,不能为其他会员操作
上期所/能源所,1058,用户不匹配
上期所/能源所,1059,用户重复登录
上期所/能源所,1060,用户名或口令错误
上期所/能源所,1062,用户不活跃
上期所/能源所,1064,用户不属于此会员
上期所/能源所,1065,错误的登录IP地址
上期所/能源所,1067,并没有以此用户登录
上期所/能源所,1066,用户尚未登录
上期所/能源所,1068,并没有以此会员登录
上期所/能源所,1070,报价已经被取消
上期所/能源所,1076,报单已经被挂起
上期所/能源所,1077,报单已经被激活
上期所/能源所,1078,GTD报单没有设定日期
上期所/能源所,1079,不被支持的报单类型
上期所/能源所,1080,用户无此权限
上期所/能源所,1083,止损单仅用于连续交易
上期所/能源所,1084,止损单需是IOC或GFD
上期所/能源所,1089,执行宣告字段错误
上期所/能源所,1090,执行宣告操作字段错误
上期所/能源所,1091,重复的执行宣告
上期所/能源所,1092,执行宣告已经取消
上期所/能源所,1093,执行宣告找不到
上期所/能源所,1094,执行宣告只能用于期权
上期所/能源所,1095,止损报单需说明止损价
上期所/能源所,1096,保值额度不足
上期所/能源所,1097,重复的操作
上期所/能源所,1099,不能为其他用户操作
上期所/能源所,1100,错误的用户类型
上期所/能源所,1103,当日套保仓位不能平仓
上期所/能源所,1104,不明管理指令
上期所/能源所,1106,重复的会话
上期所/能源所,1114,最优价单不能排队
上期所/能源所,1121,放弃执行宣告字段错误
上期所/能源所,1122,放弃执行宣告操作字段错误
上期所/能源所,1123,重复的放弃执行宣告
上期所/能源所,1124,放弃执行宣告已经取消
上期所/能源所,1125,放弃执行宣告找不到
上期所/能源所,1126,放弃执行宣告只能用于期权
上期所/能源所,1127,不在宣告期内
上期所/能源所,1128,只有持有多头仓位才能放弃行权
上期所/能源所,1129,执行或放弃执行宣告不能为开仓
上期所/能源所,1130,没有足够的持仓用于申请保留
上期所/能源所,1131,超出客户合约当日开仓限额
上期所/能源所,1132,超出客户产品每秒报单限额
上期所/能源所,1133,超出客户产品每秒撤单限额
上期所/能源所,1134,API校验未通过
上期所/能源所,1135,用户认证失败
上期所/能源所,1136,用户没有权限直连前置
上期所/能源所,1137,期权自对冲字段错误
上期所/能源所,1138,期权自对冲操作字段错误
上期所/能源所,1139,重复的期权自对冲更新
上期所/能源所,1140,期权自对冲更新已经撤销
上期所/能源所,1141,期权自对冲更新只能用于期权
上期所/能源所,1142,期权自对冲找不到
上期所/能源所,1143,期权自对冲操作只能是删除
上期所/能源所,1144,此客户SelfCloseFlag不能为保留期权仓位
上期所/能源所,1145,此客户SelfCloseFlag不能为自对冲期权仓位
上期所/能源所,1146,只有持有多头仓位才能行权
上期所/能源所,1147,用户新密码不符合要求（长度不低于8位，必须包含数字、大写字母和小写字母）
上期所/能源所,1148,当前市场价格在合理的价差范围内，不用询价。
中金所,1001,会话不正确
中金所,1002,合约找不到
中金所,1003,会员找不到
中金所,1004,客户找不到
中金所,1006,报单字段错误
中金所,1007,报价字段错误
中金所,1008,报单操作字段错误
中金所,1009,报价操作字段错误
中金所,1012,重复的报单
中金所,1013,重复的报价
中金所,1015,客户没有在该会员开户
中金所,1016,IOC需在连续交易阶段
中金所,1017,GFA需在集合竞价阶段
中金所,1018,市价单不能排队
中金所,1019,数量约束应在IOC单上
中金所,1020,GTD报单过期了
中金所,1021,最小数量大于报单数量
中金所,1022,交易所数据没有同步
中金所,1023,结算组数据没有同步
中金所,1024,报单找不到
中金所,1025,报价找不到
中金所,1026,当前状态禁止此项操作
中金所,1027,不合法的合约状态迁移
中金所,1028,报单已经全部成交
中金所,1029,报单已经撤销
中金所,1031,平仓时客户持仓不足
中金所,1032,超出客户限仓
中金所,1034,超出会员限仓
中金所,1035,找不到帐号
中金所,1036,资金不足
中金所,1037,不合法的数量
中金所,1045,结算组初始化状态不对
中金所,1048,价格非最小单位的倍数
中金所,1049,价格超出涨停板
中金所,1050,价格跌破跌停板
中金所,1051,没有交易权限
中金所,1052,只能平仓
中金所,1053,没有此项交易角色
中金所,1057,不能为其他会员操作
中金所,1058,用户不匹配
中金所,1059,用户重复登录
中金所,1060,用户名或口令错误
中金所,1062,用户不活跃
中金所,1064,用户不属于此会员
中金所,1065,错误的登录IP地址
中金所,1067,并没有以此用户登录
中金所,1066,用户尚未登录
中金所,1068,并没有以此会员登录
中金所,1070,报价已经被取消
中金所,1076,报单已经被挂起
中金所,1077,报单已经被激活
中金所,1078,GTD报单没有设定日期
中金所,1079,不被支持的报单类型
中金所,1080,用户无此权限
中金所,1083,止损单仅用于连续交易
中金所,1084,止损单需是IOC或GFD
中金所,1089,执行宣告字段错误
中金所,1090,执行宣告操作字段错误
中金所,1091,重复的执行宣告
中金所,1092,执行宣告已经取消
中金所,1093,执行宣告找不到
中金所,1094,执行宣告只能用于期权
中金所,1095,止损报单需说明止损价
中金所,1096,保值额度不足
中金所,1097,重复的操作
中金所,1099,不能为其他用户操作
中金所,1100,错误的用户类型
中金所,1101,结算会员不能做交易
中金所,1102,无法找到对应结算会员
中金所,1103,当日套保仓位不能平仓
中金所,1104,不明管理指令
中金所,1106,重复的会话
中金所,1107,无此功能的权限
中金所,1108,需结算会员做此操作
中金所,1109,结算交易会员不匹配
中金所,1110,管理指令字段错误
中金所,1111,信用限额不足
中金所,1113,信用限额尚未初始化过
中金所,1114,最优价单不能排队
中金所,1121,没有报价权限
中金所,1122,询价字段错误
中金所,1123,询价客户字段不能为空
中金所,1124,询价会员字段不能为空
中金所,1125,价格超出波动带
中金所,1126,价格跌破波动带
中金所,1127,市价单需在连续交易阶段
中金所,1128,任意价单有效期类型不正确
中金所,1129,最优价单有效期类型不正确
中金所,1130,五档价单有效期类型不正确
中金所,1131,组合持仓数量不足
中金所,1132,组合单腿持仓数量不足
中金所,1133,不支持的组合动作方向
中金所,1134,没有组合权限
中金所,1135,组合规则不存在
中金所,1136,组合单腿保证金收取方式不同
中金所,1137,组合合约保证金率找不到
中金所,1138,订单触发自成交
中金所,1139,超出开仓手数限制
中金所,1143,OTC对手方会员风控检查失败
中金所,1144,OTC对手方交易检查失败
中金所,1901,当前交易日…不可进行期转现申报
中金所,1902,申报时间不在规定范围内
中金所,1903,现货成交日期不同
中金所,1904,跨日期转现申报不能超过次日…
中金所,1905,合约… 不可进行期转现交易
中金所,1906,协商一致日期不能小于上一交易日
中金所,1907,协商一致日期不能大于当前交易日
中金所,1908,协商一致日期与现货成交日期不一致
中金所,1909,协商一致时间不能大于申报时间
中金所,1910,当前不可进行期转现申报
中金所,1911,现货交易成交编号..与当
中金所,1912,现货交易成交编号…与上一日期转现申报重复
中金所,1913,交易双方客户号不能相同
中金所,1914,期转现多笔现货买卖方向不一致
中金所,1915,期转现申报中现货买卖方向有误
中金所,1916,期转现申报中期货买卖方向有误
中金所,1917,期转现申报中期现货买卖方向相同
中金所,1918,现货…不可参与期转现交易
中金所,1919,非法人投资者之间不能以期转现交易方式达成交易
中金所,1920,(交易所审核不通过的具体原因)
中金所,1951,会员不可参与期转现交易
中金所,1952,客户不可参与期转现交易
中金所,1954,客户…无交易权限
郑商所,1001,操作失败
郑商所,1150,指定会员委托单撤销成功
郑商所,3001,报文类型错误或不可识别
郑商所,3002,报文正文类型错误或系统不支持
郑商所,3003,报文完整性错误（报文实际正文长度不等于报头中正文长度）
郑商所,3004,报文链代码错
郑商所,3005,版本错误
郑商所,3006,域个数错误
郑商所,3007,数据流登录模式不正确
郑商所,3009,最新本地委托单号必须大于已下成功本地委托单号
郑商所,3010,没有新成交合约
郑商所,1215,你对指定商品没有交易权限
郑商所,1236,出错 : 贵公司持仓已经超过交易所规定最大持仓限制
郑商所,1237,出错 : 贵公司持仓已经超过交易所规定最大持仓限制
郑商所,1251,出错 : 现在是协议平仓时间 您的公司不在协议平仓之列
郑商所,1254,出错：没有查询到相应的记录
郑商所,1255,出错 : 套期保值额度不够
郑商所,1258,出错：期权放弃必须在期权最后交易日
郑商所,1261,出错：没有该合约的做市商
郑商所,1266,出错：请求合约目前报价已经合理
郑商所,1301,出错：组合定单方式不正确
郑商所,1302,出错：组合定单限制方式不正确
郑商所,1303,出错：没有这样的组合方式
郑商所,1304,出错： SPD 组合定单错误
郑商所,1305,出错： IPS 组合定单错误
郑商所,1306,出错： BUL 组合定单错误
郑商所,1307,出错： BER 组合定单错误
郑商所,1308,出错： BLT 组合定单错误
郑商所,1309,出错： BRT 组合定单错误
郑商所,1310,出错： STD 组合定单错误
郑商所,1311,出错： STG 组合定单错误
郑商所,1312,出错：限价单价格不能为 0
郑商所,1313,出错：止损定单价格不能是可成交的价格
郑商所,1315,出错：系统内存表已满
郑商所,1316,出错： 该客户没有在你公司处登记
郑商所,1318,出错：指定的交易品种不进行开盘竟价
郑商所,1319,出错：委托定单限制域不正确
郑商所,1320,出错：定单类型不正确
郑商所,1321,出错：定单有效日期不正确
郑商所,1322,出错：套期保值标志不正确
郑商所,1323,出错：会员没有相应的买卖权限
郑商所,1324,出错：该客户没有相应的买卖权限
郑商所,1327,出错：委托单修改定义错误
郑商所,1329,出错 : 委托单价格低于下停板额
郑商所,1330,出错：报单请求数超过最大值
郑商所,1364,出错：目前不允许长期有效定单
郑商所,1410,出错：单方无报价时不接受期货组合定单
郑商所,1602,出错：现在是非交易时间
郑商所,1604,出错 : 非法交易商品代码
郑商所,1608,出错 : 非法会员公司代码
郑商所,1610,出错 : 非法交易员代码
郑商所,1635,出错 : 现在不能输入市价委托单
郑商所,1638,出错 : 委托单价格不是最小变动价位整数倍
郑商所,1640,出错 : 非法买卖标志
郑商所,1641,出错 : 指定商品现在不能进行交易
郑商所,1642,出错 : 买卖数量不能为零或负数
郑商所,1643,出错 : 非法开平仓标志
郑商所,1646,出错 : 平仓数量超过持仓量
郑商所,1669,出错 : Internal Error
郑商所,1673,出错 : 非法登录请求
郑商所,1674,出错 : 非法口令
郑商所,1675,出错 : 你不能从该工作站登录系统
郑商所,1679,出错 : 所撤委托单没有找到
郑商所,1681,出错 : 非法客户代码
郑商所,1691,出错 : 该会员公司保证金不足
郑商所,1708,出错 : 买卖数量超过限价单最大下单量限制
郑商所,1711,出错：该委托单已成交
郑商所,1755,出错：自然人客户交割月不能开新仓
郑商所,1790,出错：没有相应的保值申请，不能输入保值单
郑商所,4001,还没有打开信道，不能登录
郑商所,4002,发送链路密钥协商请求失败
郑商所,4003,链路密钥协商应答超时
郑商所,4004,发送登录请求失败
郑商所,4005,登录应答超时
郑商所,4006,此数据流不在登录状态，不能退出登录
郑商所,4007,发送退出登录请求失败
郑商所,4008,退出登录应答超时
郑商所,4009,不在登录状态，不能发送数据
郑商所,4010,FTD 报文 出错
郑商所,4011,接收数据错误
郑商所,4012,FTD 流序号错误： 请求没有得到应答或者应答顺序不正确 应该先请求先应答
郑商所,4013,FTD 流序号错误：应答记录没有找到对应请求
郑商所,4014,FTD 报文格式出现错误
郑商所,4015,无法识别的事务应答，可能是 API 版本过低
郑商所,4018,数据流标识错误
郑商所,4019,重复登录
郑商所,4020,交易员编码不存在
郑商所,4021,交易员编码前后不一致
郑商所,5001,登录协议版本号错误
郑商所,5003,UDP 端口打开失败
郑商所,5004,UDP 接收线程启动失败
大商所,11001,会员或交易员不符
大商所,11002,会员不符
大商所,11003,CA认证尚未通过，拒绝发送交易
大商所,11004,登录尚未成功，拒绝发送交易
大商所,11005,操作员无权发送该交易
大商所,11006,发送交换机机失败
大商所,11007,用户不符
大商所,11008,密码修改失败
大商所,11009,Ca认证请求包错误
大商所,11010,已经经过CA 认证
大商所,11011,没有经过CA 认证 Session
大商所,11012,Session认证请求包错误
大商所,11013,登录包错误
大商所,11014,已经登录
大商所,11015,交易员不能超级登录
大商所,11016,定单来源检查错误
大商所,11017,登出
大商所,11018,此本地报单号对应的定单已报入
大商所,11019,席位不存在
大商所,11020,用户不存在
大商所,11021,登录与认证时的席位号不一致
大商所,11022,登录与认证时的用户号不一致
大商所,11023,登录类型错误
大商所,11024,会员不存在
大商所,11025,客户不存在
大商所,11026,合约不存在
大商所,11027,套利合约不存在
大商所,11028,组合合约不存在
大商所,11029,结算账号不存在
大商所,11030,流控上限值修改失败
大商所,11031,该报文在流控范围内
大商所,11032,网关还没有准备好
大商所,11033,席位和网关的行情等级不匹配
大商所,11034,API版本号错误
大商所,11035,ip或端口号错误
大商所,11036,APP信息未填写
大商所,31001,市场状态不允许
大商所,31002,会员号不能为空
大商所,31003,合约不存在
大商所,31004,会员客户检查不通过
大商所,31005,申请数量不合理
大商所,31006,履约对冲申请记录不存在
大商所,31007,期权执行申请记录已撤销
大商所,31008,对冲标志设置错误
大商所,31009,非到期日不能进行设置
大商所,31010,重复设置
大商所,31011,投保标志设置错误
大商所,31012,期权执行申请失败
大商所,31013,履约对冲设置失败
大商所,31014,履约对冲撤销失败
大商所,31015,期权对冲设置失败
大商所,31016,期权对冲撤销失败
大商所,31017,取消自动行权设置失败
大商所,31018,取消自动行权撤销失败
大商所,31019,合约类型不是期权
大商所,31020,品种交易状态不存在
大商所,31021,发送数据包失败
大商所,31022,品种交易状态不允许
大商所,31023,品种延时闭市时间上场失败
大商所,31024,品种延时闭市控制表插入失败
大商所,31025,合约交易状态不存在
大商所,31026,合约交易状态不允许
大商所,31027,品种延时闭市时间记录不存在
大商所,31028,取消自动行权申请记录不存在
大商所,31029,期权对冲申请记录不存在
大商所,31030,期权行权申请记录不存在
大商所,31031,延时闭市状态控制表为空
大商所,41001,定单类别检查错误
大商所,41002,定单类型检查错误
大商所,41003,开平标志错误
大商所,41004,买卖标志检查错误
大商所,41005,投保标志检查错误
大商所,41006,定单属性检查错误
大商所,41007,此定单类别只能下一个定单
大商所,41008,批量定单只能有两个单子
大商所,41009,批量定单两腿定单类别不一致
大商所,41010,会员客户检查不通过
大商所,41011,已经销户
大商所,41012,席位不存在
大商所,41013,席位不属于会员
大商所,41014,合约交易权限检查，合约不可以交易
大商所,41015,合约交易权限检查，合约只可平仓
大商所,41016,该客户该合约不可交易
大商所,41017,该客户该合约只可平仓
大商所,41018,该席位该合约不可交易
大商所,41019,该席位该合约只可平仓
大商所,41020,套利合约不存在
大商所,41021,合约不存在
大商所,41022,批量单只可一个期权定单和一个期货定单
大商所,41023,合约未上市
大商所,41024,下单数量不在合理范围内
大商所,41025,价格最小变动单位不能为0
大商所,41026,价格最小变动单位不符合
大商所,41027,合约行情不存在
大商所,41028,价位不在涨跌幅度内
大商所,41029,止损价位不在涨跌幅度内
大商所,41030,买限价止损单止损价应低于触发后限价
大商所,41031,卖限价止损单止损价应高于触发后限价
大商所,41032,买限价止盈单止盈价应低于触发后限价
大商所,41033,卖限价止盈单止盈价应高于触发后限价
大商所,41034,套利合约行情不存在
大商所,41035,定单状态检查不合法
大商所,41036,定单修改只能修改限价单
大商所,41037,该品种当前是初始化后
大商所,41037,该品种当前是集合竞价申报
大商所,41037,该品种当前是集合竞价申报1 阶段
大商所,41037,该品种当前是集合竞价申报2 阶段
大商所,41037,该品种当前是集合竞价暂停
大商所,41037,该品种当前是集合竞价撮合
大商所,41037,该品种当前是连续交易暂停
大商所,41037,该品种当前是收市
大商所,41038,交易员不能撤强平单
大商所,41039,已经撤单
大商所,41040,完全成交
大商所,41041,委托单不存在
大商所,41042,此会员无结算帐号
大商所,41043,套利策略规则表里不存在此记录
大商所,41044,取不到固定保证金
大商所,41045,该市场状态当前是初始化后
大商所,41045,该市场状态已关闭
大商所,41045,该市场状态当前是暂停
大商所,41046,结算账号禁止开仓
大商所,41047,客户不存在
大商所,41048,期权价格必须大于等于TICK
大商所,41049,期权止损价格必须大于等于TICK
大商所,41050,定单来源检查错误
大商所,41051,期权组合保证金比例表无对应的组合记录
大商所,41052,该合约当前是集合竞价申报
大商所,41052,该合约当前是集合竞价申报1 阶段
大商所,41052,该合约当前是集合竞价申报2 阶段
大商所,41052,该合约当前是集合竞价暂停
大商所,41052,该合约当前是连续交易暂停
大商所,41052,该合约当前是初始化后
大商所,41052,该合约当前是集合竞价撮合
大商所,41052,该合约当前是收市
大商所,41053,不能撤销手动或自动产生的强平单
大商所,41055,做市商标记错误
大商所,41056,双边报价指令要求两个单子
大商所,41057,双边报价指令必须为限价委托
大商所,41058,双边报价指令定单属性必须同时为无或GIS
大商所,41059,双边报价指令两条腿必须都是做市商
大商所,41060,双边报价指令两腿委托数量相等
大商所,41061,双边报价指令两腿合约不相同
大商所,41062,双边报价指令两腿必须一买一卖
大商所,41063,合约已经停牌
大商所,41064,期权必须是投机
大商所,41065,只有做市商可以下双边报价指令
大商所,41066,双边报价指令两腿定单类别必须为双边定单
大商所,41067,只允许一个撤单域
大商所,41068,批量定单两腿客户号不一致
大商所,41069,此套利合约不支持互换定单
大商所,41070,品种交易状态不存在
大商所,41071,套利各腿合约交易状态不一致
大商所,41072,双边报价指令两腿客户号不一致
大商所,41073,双边报价指令卖价必须大于买价
大商所,41074,无品种指令权限
大商所,41075,该品种不支持双边报价定单
大商所,41076,该品种只支持做市商下双边报价定单
大商所,41077,做市商在该品种无双边报价权限
大商所,41078,双边报价定单两腿定单类别不一致
大商所,41079,该品种不支持市价单
大商所,41080,双边定单两腿投保标志不一致
大商所,41081,该客户在该品种交易类型上没有套保资格
大商所,41082,该客户在该品种交易类型上不能投机开仓
大商所,41083,该实控组该合约不可交易
大商所,41084,该实控组该合约只可平仓
大商所,41085,本地报单号重复
大商所,41086,做市商保护期间不允许报单
大商所,41087,批量指令使用频率限制期间不允许报单
大商所,41088,做市商取消冻结失败，当前为非冻结状态
大商所,41089,重复触发批量双边报价使用频率限制
大商所,41090,做市商频率限制状态错误
大商所,41091,做市商保护冻结失败，重复触发冻结
大商所,41092,当前交易状态不允许触发做市商保护冻结
大商所,41094,批量双边单必须对同一品种或交易类型操作
大商所,41095,批量双边报价动作指令错误
大商所,41096,批量双边报价不支持单边报入
大商所,41097,会员风控账户号不存在
大商所,41098,可用额度不正确
大商所,41099,该风控账户该合约不可交易
大商所,41100,该风控账户该合约只可平仓
大商所,41101,批量双边定单合约号重复
大商所,41102,批量双边报价两腿操作不能都是无
大商所,41103,该品种不存在
大商所,41104,无品种GIS 权限
大商所,41105,做市商在该品种无批量双边报价权限
大商所,41106,无一键撤单权限
大商所,41107,系统未设置带保护市价单参数
大商所,41108,价格保护范围不在合理限制内
大商所,41109,批量双边报价域的对数不在合理范围
大商所,41110,批量双边报价域最大个数不存在
大商所,41111,UDS合约不存在
大商所,41112,UDS合约行情不存在
大商所,41113,定单类别与合约不符
大商所,41119,此类定单不允许修改
大商所,41120,已超过最大修改次数
大商所,41124,该品种不支持批量双边报价定单
大商所,41125,批量双边指令卖价必须大于买价
大商所,41126,该品种只支持做市商下批量双边报价定单
大商所,41127,UDS各腿合约交易状态不一致
大商所,41128,交易编码检查不通过
大商所,41129,下单数量超过交易指令的最大最小手数
大商所,41130,本地报单号超过最大值
大商所,41131,期权套保业务未开启
大商所,41132,客户检查错误
大商所,51001,结算帐号对应的交易资金不存在
大商所,51002,套利合约不存在
大商所,51003,套利策略规则表里不存在此记录
大商所,51004,委托表没有系统号对应的记录
大商所,51005,委托单不存在
大商所,51006,合约行情不存在
大商所,51007,成交批次号对应的持仓明细不存在
大商所,51008,席位不存在
大商所,51009,席位会员关系不正确
大商所,51010,席位密码不正确
大商所,51011,席位已经登录
大商所,51012,席位已经登出
大商所,51013,席位没有登录
大商所,51014,控制模式改变失败
大商所,51015,市场状态改变失败
大商所,51016,用户不存在
大商所,51017,用户密码不正确
大商所,51018,用户已经登录
大商所,51019,用户已经登出
大商所,51020,用户没有登录
大商所,51021,不允许从当前状态直接转变到目的状态
大商所,51022,非超级登录不能禁用CA
大商所,51023,新密码长度不满足要求
大商所,51024,密码修改的差异度不够
大商所,51025,票号对应的资金已经正常入库
大商所,51026,出金资金不够
大商所,51027,场上不允许出金
大商所,51028,发送数据包失败
大商所,51029,查无记录
大商所,51030,初次登录修改初始密码，否下次不能登录
大商所,51031,初次登录没有修改初始密码，席位被冻结
大商所,51032,席位被冻结
大商所,51033,密码有效参数不存在
大商所,51034,登录失败有效参数不存在
大商所,51035,登录密码过期，联系系统管理员重置密码
大商所,51036,结算账户表中不存在对应的结算账户
大商所,51037,结算准备金最低余额表不存在相应的记录
大商所,51038,期权执行申请失败
大商所,51039,期权执行申请单不存在
大商所,51040,用户已经存在
大商所,51041,合约交易权限已经存在
大商所,51042,合约交易权限不存在
大商所,51043,席位交易权限已经存在
大商所,6004,4 席位交易权限不存在
大商所,51045,客户交易权限已经存在
大商所,51046,客户交易权限不存在
大商所,51047,交易权限不正确
大商所,51048,密码到期提示时间不存在
大商所,51050,操作类型错误
大商所,51051,交易所代码对应的交易所不存在
大商所,51052,没有客户持仓
大商所,51053,客户不存在
大商所,51054,不需要资金不够强平
大商所,51055,系统未处暂停状态，不能手动生成强平单
大商所,51056,本日已做过生成强平处理，是否再次生成
大商所,51057,本日还没强平
大商所,51058,同一个交易日不允许倒着时间切换状态
大商所,51060,会员客户检查不通过
大商所,51061,客户优惠组合持仓表无相应记录
大商所,51062,客户套利持仓表无相应记录
大商所,51063,组合优惠表不存在组合合约
大商所,51064,优惠组合比例表不存在组合合约
大商所,51065,行情席位不允许在交易后台修改密码
大商所,51066,当前是自动模式
大商所,51067,没有境外客户组限仓
大商所,51068,交易席位不允许在行情服务修改密码
大商所,51072,初次登录没有修改初始密码，席位被冻结
大商所,51073,用户被冻结
大商所,51076,IP地址不正确
大商所,51077,资金不够
大商所,51078,席位信用额度不够
大商所,51079,交易编码无交易保证金
大商所,51080,数量不合理
大商所,51081,系统处于夜盘暂停，不能手动生成强平单
大商所,51082,踢除所有席位失败
大商所,51083,定单类别不是期权执行申请
大商所,51084,组合状态必须是组合或解锁
大商所,51085,优惠组合持仓量不足
大商所,51086,组合合约两腿所属品种的交易状态不一致
大商所,51087,单腿持仓不足
大商所,51088,只允许一个数据域
大商所,51089,超出预留范围
大商所,51090,实控组权限已经存在
大商所,51091,实控组权限不存在
大商所,51092,会员持仓不存在
大商所,51093,单腿持仓记录不存在
大商所,51094,批次号记录不存在
大商所,51095,可用风控账户组额度不足
大商所,51096,分会员检查不通过
大商所,51097,撮合返回成交号顺序有错误
大商所,51098,会员对应的风控账户额度不存在
大商所,51099,改单价格或数量均未发生变化
大商所,51100,修改数量小于等于已成交数量
大商所,51101,不能修改强平单
大商所,51104,风控账户组权限已经存在
大商所,51105,风控账户组权限不存在
大商所,51106,批量双边报价所有子域全部错误
大商所,51107,风控账户组额度不存在
大商所,51108,不能修改强平修改的委托
大商所,51070,品种控制模式改变失败
大商所,51071,品种控制模式错误
大商所,52001,合约状态不存在
大商所,52002,市场状态不存在
大商所,52003,熔断合约状态不存在
大商所,52004,品种状态改变失败
大商所,52005,合约状态改变失败
大商所,52006,风控账户额度修改值无效
大商所,52007,品种状态查询失败
大商所,52008,品种状态不存在
大商所,52010,品种不支持开放式集合竞价
大商所,52011,当前标的期货状态为暂停不允许此操作
大商所,52012,新密码不存在数字
大商所,52013,新密码不存在英文字符
大商所,52014,新密码不存在大写字母
大商所,52015,新密码不存在特殊字符
大商所,52016,品种控制模式查询失败
大商所,52017,网关类型不正确
大商所,52018,正在进行强平处理
大商所,52019,不能修改强平单顺序
大商所,52020,正在生成强平单
大商所,52021,非交易日品种
大商所,52025,席位登录超出频率限制
大商所,52026,当前标的期货状态为初始化后不允许此操作
大商所,52028,规则生成强平单已经报入，不允许再次强平
大商所,52029,申请已经存在，不允许再次申请
大商所,52030,申请不存在，不允许复核
大商所,52031,复核已经存在，不允许再次复核
大商所,52032,复核请求参数不正确
大商所,52033,不允许使用相同用户进行复核
大商所,52034,当前交易日已强平过，无法再次自动强平
大商所,52035,未满足所有合约处于交易暂停条件
大商所,52036,其他原因
大商所,52037,正在生成强平单，不允许再次强平
大商所,61001,发送数据包失败
大商所,61002,查无记录
大商所,61003,套利策略规则表里不存在此记录
大商所,61004,结算帐号对应的交易资金不存在
大商所,61006,查询开始序列号应小于结束序列号
大商所,61007,查询序列号超过限制范围
大商所,61008,查询次数过多
大商所,61009,没有做市商保护资格
大商所,61010,该品种全市场做市商保护服务未开启
大商所,61011,合约行情不存在
大商所,61012,此会员无结算帐号
大商所,61013,合约状态不存在
大商所,61014,UDS合约交易申请报入量超过上限
大商所,61015,当前市场状态未开启
大商所,61016,会员客户检查不通过
大商所,61017,套利策略不存在
大商所,61018,UDS策略内各腿合约号不可为空
大商所,61019,UDS策略不允许为期货套利策略
大商所,61020,合约不存在
大商所,61021,UDS申请的腿数超过策略支持的腿数
大商所,61022,重复的UDS 合约交易申请
大商所,71001,会员是自营
大商所,71002,开仓超过会员自营限仓
大商所,71003,会员是经纪
大商所,71004,开仓超过会员代理限仓
大商所,71005,开仓超过会员综合限仓
大商所,71006,开仓数量超过客户限制
大商所,71007,平仓数量超过可平数量
大商所,71008,客户无持仓
大商所,71009,客户剩余保值额度不足
大商所,71010,客户没有保值额度
大商所,71011,保值额度不能为负数
大商所,71012,流水号重复，本次修改操作已执行
大商所,71013,无此客户保值额度信息，操作失败
大商所,71014,客户有未成交套保委托，套保额度不能删除
大商所,71015,无此操作类型
大商所,71016,该客户有剩余额度，套保额度不能审批
大商所,71017,客户有未成交套保委托，套保额度不能审批
大商所,71018,剩余保值额度为0 ，不能删除
大商所,71021,会员超仓，不可开仓
大商所,71022,个人客户不能在交割月的合约上开投机仓
大商所,71023,开仓数量超过实控组投机限制
大商所,71024,开仓数量超过实控组套保限制
大商所,71025,开仓数量超过实控组综合限制
大商所,71026,无此实控关系账户
大商所,71027,开仓超过当日客户在合约系列上开仓限额
大商所,71028,开仓超过当日客户在品种上开仓限额
大商所,71029,开仓超过当日实控组在合约系列上开仓限额
大商所,71030,开仓超过当日实控组在品种上开仓限额
大商所,71031,开仓数量超过境外客户组综合限制
大商所,71032,无此境外客户组
大商所,71033,开仓数量超过客户合并限仓
大商所,71034,开仓数量超过实控组合并限仓投机限制
大商所,71035,开仓数量超过实控组合并限仓套保限制
大商所,71036,开仓数量超过实控组合并限仓综合限制
大商所,71037,合约不存在
大商所,71038,合约对应交割月错误
大商所,71039,品种限仓模式错误
大商所,72001,本撮合主机不支持该合约
大商所,72002,基本定单不允许多个定单
大商所,72003,无此会员
大商所,72004,无此客户
大商所,72005,本交易状态不接受该类定单
大商所,72006,本交易状态不允许撤销定单
大商所,72007,交易状态错误，暂停服务
大商所,72008,本地报单号重复
大商所,72009,套利定单非法
大商所,72010,强平单数量非法
大商所,72011,非法报文
大商所,72012,本撮合组本交易状态下，不允许撤销定单
大商所,72013,该交易编码不是做市商
大商所,72014,批量撤单请求，没有需要撤的定单
大商所,72015,本撮合组批量撤单结束
大商所,72016,合约当前无最优价
大商所,73001,定单状态已为撤销
大商所,73002,定单被系统撤销
大商所,73003,无此撤销定单
大商所,73004,修改定单无效
大商所,73005,修改定单数量非法
大商所,73006,修改定单价格失败，卖价需大于买价
大商所,80990,初始化数据错误
大商所,80996,内存数据库剩余空间不足
大商所,80997,系统运行超出设计范围
大商所,80998,业务数据出错
大商所,80999,内存数据库出错
大商所,81000,行情订阅请求席位不存在
大商所,81001,行情订阅请求参数不正确
大商所,81002,席位没有行情订阅权限
大商所,81067,此席位类型不是Level2 行情 席位
大商所,91000,无应答
大商所,91001,请求数据错误
大商所,91002,没有定义的功能
大商所,91003,无后续结果
大商所,91004,转发失败
大商所,91005,接收失败
大商所,91006,应答数据错误
大商所,91008,回应失败
大商所,91009,FTCP域丢失
大商所,91010,系统级错误
大商所,91011,CA认证错误
大商所,91020,90000-90020 系统错误占用
大商所,111000,做市商保护资格检查不通过
大商所,111001,参数设置未变化
大商所,111002,做市商取消冻结失败，当前为非冻结状态
大商所,111003,做市商操作指令不存在
大商所,111004,启用成交/delta 量保护必须填写是 否
大商所,111005,该品种保护服务未开启
大商所,111006,交易所成交量保护服务未开启
大商所,111007,交易所delta 量保护服务未开启
大商所,111008,成交量保护阈值下限检查不通过
大商所,111009,delta量保护阈值下限检查不通过
大商所,111010,冻结时间片范围检查不通过
大商所,111011,全市场未开启，不允许报入指令
大商所,102001,合约不是询价应价合约
大商所,102002,不满足询价间隔
大商所,102003,此RFQ 已处理过
大商所,102004,场上有合理报价，不能询价
大商所,102005,合约交易状态不对，不可询价
大商所,102006,本合约做市商不能自询价
大商所,102007,交易系统当前不允许询价
大商所,102009,期权或标的期货合约达到停板价格不允许询价
大商所,102010,该时间段不允许询价
大商所,102011,合约交易权限检查，合约不可询价
大商所,102012,当前询价次数检查不通过
大商所,131010,写入流水文件失败
大商所,131011,读取流水文件失败
大商所,141000,请求的网关类型不存在
大商所,141001,非管理API 无法发出管理请求
大商所,141002,处理查询网关请求时未找到IP
大商所,141003,查询请求中IP 不合法
大商所,151000,输入数据范围不合法
上交所,5012,SecurityID错误或者业务类型ReqID错误
上交所,6000,上行消息超过4K（Message Exceed Max Length）
上交所,6001,上行消息校验和错误（CheckSum Error）
上交所,6002,心跳超时（Heartbeat Timeout）
上交所,6003,平台已有OMS登录（Already Login
上交所,6004,连接建立后5秒内未完成登录（Login Timeout）
上交所,6005,上行消息TargetCompId不正确（CompId Error）
上交所,6006,TDGW未登录至交易系统，请稍后重试（Not Ready）
上交所,6007,内部错误（Internal Error）
上交所,6008,不能识别的消息类型（Message Type Illegal）
上交所,6009,平台状态暂不接受申报
上交所,6010,SetID 错误
上交所,6011,Pbu错误
上交所,6012,首个消息非是Logon消息（Login First）
上交所,6013,NextRptIndex取值错误
上交所,12270,重复订单
上交所,1257,交易员申报的reqNum序号不连续
上交所,1507,后台应用错误
上交所,1508,后台架构错误
上交所,2014,PBU登录失败
上交所,2103,无法解析订单
上交所,4000,连接数据库失败
上交所,4001,数据库记录的交易日期不正确
上交所,4002,truncate数据库记录失败
上交所,5004,连接主机失败
上交所,5005,IP绑定失败
上交所,5006,连接主机超时
上交所,5007,连接主机失败
上交所,5008,交易员登录失败
上交所,5009,获取交易时间表失败
上交所,5010,参考数据中isix格式错误
上交所,5011,参考数据中rid格式错误
上交所,5012,产品代码SecurityID错误或者业务类型ReqID错误
上交所,5500,股票代码securityid字段格式错误
上交所,5501,订单状态ordstatus非法
上交所,5502,TimeStamp取值不正确
上交所,5601,没有找到对手方指令
上交所,5602,找到对手方指令，指令细节不一致
上交所,11000,未知错误
上交所,11002,找不到用户
上交所,11004,与原有密码不同
上交所,11006,请求已经被处理
上交所,11008,CN
上交所,11018,无效的市场类型
上交所,11030,无效的基础产品
上交所,11038,无效的价格
上交所,11100,无效的产品子类型
上交所,11132,产品数据不一致
上交所,11150,未找到记录
上交所,11208,总数量无效
上交所,11236,非法时间戳
上交所,11244,错误订单有效期
上交所,11248,无法读取该产品
上交所,11250,无效交易事务代码
上交所,11258,未获做市商授权
上交所,11262,无效订单类型
上交所,11270,无效PBU的PBU代码
上交所,11276,无效报价价格或数量
上交所,11292,无效的日期输入
上交所,11294,无效的日期参数
上交所,11298,无效的产品关联数据标识或交易员不存在
上交所,11302,产品或特许权限不关联到当前子组
上交所,11304,资源信息找不到
上交所,11310,PBU未分配特许权限
上交所,11410,已超过交易结束时段的开始时间
上交所,11412,无效的产品状态
上交所,11444,订单数量小于最低订单数量要求
上交所,11450,订单价格超出范围
上交所,11534,无效的PBU
上交所,11566,交易时段未定义
上交所,11568,订单类型和交易模型不匹配
上交所,11594,无效的交易时间表
上交所,11604,未找到报价
上交所,11610,找不到指定的订单
上交所,11622,无效的竞价匹配算法
上交所,11626,错误的营业部号码
上交所,11646,无查询结果
上交所,11702,投资者帐户与PBU无指定交易关系
上交所,11706,投资者帐户已被暂停
上交所,11712,无效投资者帐户
上交所,11740,该订单申报的业务已结束
上交所,11748,产品不匹配
上交所,11756,无目标地址
上交所,11794,投资者账户不存在
上交所,11802,无效标志位
上交所,11828,无效更新持仓数量
上交所,11836,投资者持仓不足
上交所,11852,无效的交易状态
上交所,11868,重复的记录
上交所,11902,不支持的交易类型
上交所,11948,外部系统使用的PBUID没有配置
上交所,11956,PBU已经被暂停
上交所,11958,无效合约到期月份
上交所,11970,更新持仓时所需保证金不足
上交所,12024,EzCS解密PBU密码失败
上交所,12026,无效的投资者类型.
上交所,12050,投资者持仓状态不存在
上交所,12058,ETF定义未找到
上交所,12098,无效的最大订单数量
上交所,12148,无效的检验日期
上交所,12200,内存订单簿耗光
上交所,12204,正在计算闭市价格…
上交所,12210,无效的融券标志
上交所,12226,没有对应的证券公司融券专用帐户
上交所,12228,无效的信用标签
上交所,12230,投资者非交易持仓不足
上交所,12240,开盘集合竞价最后五分钟不允许删除订单
上交所,12246,交易时间未到
上交所,12270,订单重传
上交所,12278,无效的广播重传请求序号区间
上交所,12284,不能在未开始的集合竞价中插入紧急停牌
上交所,12300,PBU的missid未被分配无法强制注销
上交所,12302,PBU未登录无法强制注销
上交所,13016,后台无法提供服务
上交所,13018,ETF定义文件检查错误
上交所,13032,最优五档及时成交剩余撤销市价订单对手方无未成交订单
上交所,13034,最优五档及时成交剩余转限价市价订单对手方和本方均无未成交订单
上交所,13036,限价即时全部成交类型订单可成交对手方不足
上交所,13038,市价即时全部成交类型订单可成交对手方不足
上交所,14300,繁忙
上交所,14304,产品未到上市日
上交所,14306,后台弹回请求
上交所,14312,CS弹回请求
上交所,14330,无效的基本订单类型
上交所,14332,无效的订单类型和限价组合
上交所,14374,无法登陆
上交所,14382,EZOES参考数据为空
上交所,14384,不允许参加开盘集合竞价
上交所,14394,用户IP不在IP白名单内
上交所,14404,禁止冰山订单交易
上交所,14424,超过集合竞价最大订单配置量
上交所,14426,此订单根本没有输入过
上交所,14428,此订单输入过，但是是废单
上交所,14430,此订单输入过，但是已经被完全撮合或撤单
上交所,14432,此订单本身即是撤单请求
上交所,14446,前台版本号不匹配
上交所,14466,请求类型无效
上交所,14468,过户方PBU已经被暂停
上交所,14470,无效过户方PBU的PBU代码
上交所,14472,过户方投资者帐户与过户方PBU无指定交易关系
上交所,14474,过户方投资者帐户已被暂停
上交所,14476,无效过户方投资者帐户
上交所,14480,请求正在处理中
上交所,14496,买方PBU与登陆PBU不为同一会员
上交所,14498,卖方PBU与登陆PBU不为同一会员
上交所,14516,消息未找到
上交所,14518,无效输入参数
上交所,14528,证券代码与原申报订单不一致
上交所,14532,无AddIdx权限
上交所,14534,无Add权限
上交所,14536,无update权限
上交所,14538,无read权限
上交所,14540,无del
上交所,14542,无del
上交所,14560,广播服务数据恢复中
上交所,14562,PBU可用登录节点已用完
上交所,14564,双边报价订单数量与消息类型不匹配
上交所,18038,非法的有效期
上交所,18566,会员结算准备金不足以开新仓
上交所,18568,计算权利金价格错误
上交所,18570,计算期权保证金错误
上交所,18572,资金不足以支付权利金
上交所,18574,资金不足以支付保证金
上交所,18576,期权开平仓类型错误
上交所,18582,无效的投资者类型
上交所,18584,开平仓方向不一致
上交所,18586,无效的结算会员
上交所,18588,无效的期权代码
上交所,18590,无效的价格量纲
上交所,18592,产品超过最后交易日
上交所,18594,非法的行权申请日
上交所,18598,无效的备兑标签
上交所,18602,未实现的功能请求
上交所,18604,无效的账户类型
上交所,18606,持仓超过账户标的限制
上交所,18608,持仓超过会员标的限制
上交所,18610,持仓超过会员全市场限制
上交所,18612,备兑持仓不足
上交所,18614,买入开仓不允许备兑
上交所,18616,卖出平仓不允许备兑
上交所,18618,认沽期权不允许备兑
上交所,18622,锁定现货不足
上交所,18624,FOK订单触发VOLA
上交所,18626,无效的处理类别
上交所,18628,开盘集合竞价不允许申报此类型订单
上交所,18630,盘中集合竞价不允许申报此类型订单
上交所,18632,无效的资金账户类型
上交所,18634,设置或查询产品信息失败
上交所,18636,持仓超过账户全市场限制
上交所,18638,PBU对该资金账户没有查询权限
上交所,18640,该产品已取消限开仓限制
上交所,18642,该产品已设置限开仓限制
上交所,18644,当前交易日无效
上交所,18646,日期小于当前交易日期
上交所,18648,VOLA最后一分钟不允许删除订单
上交所,18650,资金额度过大
上交所,18652,PBU无开仓权限
上交所,18654,PBU无平仓权限
上交所,18656,无效的投资者账户子编码
上交所,18658,合约无买入开仓权限
上交所,18660,合约无非备兑卖出开仓权限
上交所,18662,合约无备兑卖出开仓权限
上交所,18664,合约结算价异常
上交所,18668,收盘集合竞价最后一分钟不允许删除订单
上交所,18670,收盘集合竞价不允许申报此类型订单
上交所,19200,打包消息中消息头的信息错误
上交所,19202,打包消息中的指令长度错误
上交所,19204,持仓更新指令掩码中的双边信息与输入参数不一致
上交所,19206,持仓更新指令的掩码不存在
上交所,19208,持仓更新指令的掩码尚未启用
上交所,19210,持仓更新指令的掩码不可用于ETF申赎
上交所,19600,当前时间不在业务设置时间段内
上交所,20000,未指定的格式错误
上交所,20002,产品代码格式错误
上交所,20006,数量格式错误
上交所,20008,日期格式错误
上交所,20010,金额格式错误
上交所,20022,无效的业务类型
上交所,20036,无效订单买卖方向
上交所,20042,参数值非法
上交所,20044,非法分隔符个数
上交所,20046,未定义的模板key值
上交所,20048,非法账户
上交所,20050,价格步长非法
上交所,20056,业务PBU或REFF字段于STEP消息中内容不符
上交所,20058,业务PBU与登陆PBU不为同一会员
上交所,20088,非法消息类型
上交所,20090,产品已被暂停交易
上交所,20092,业务已被暂停交易
上交所,20096,订单数量和交易金额小于最低要求
上交所,20098,订单的数量不是整手数
上交所,20102,订单价格超出范围
上交所,20104,PBU已经被暂停
上交所,20106,PBU对该业务没有权限
上交所,20110,产品已停牌
上交所,20112,业务类型不可用
上交所,20114,产品不可用
上交所,20118,子类型不可用
上交所,20122,订阅关系不存在
上交所,20124,TXNCODE不存在
上交所,20128,PBU不存在
上交所,20132,产品索引号不合法
上交所,20136,权限标志不合法
上交所,20140,无效的RID
上交所,20142,无效的时段
上交所,20162,无效的INV
上交所,20164,账户已经被暂停
上交所,20166,账户对该业务没有交易权限
上交所,20176,该时段交易无效
上交所,20180,不是此账号的指定PBU
上交所,20182,无效的费率
上交所,20184,申报数量超过上限
上交所,20186,无效的订单状态
上交所,20188,该产品已停牌
上交所,20190,该产品已复牌
上交所,20192,会员不存在
上交所,20196,会员对该业务没有交易权限
上交所,20198,原始订单正在处理当中
上交所,20204,该产品已是参考竞价
上交所,20210,无效的数据格式
上交所,20212,输入的主键与记录中主键不一致
上交所,20214,未定义的文件名
上交所,20216,删除数据与文件原始记录不同
上交所,20218,位图长度与字段个数不符
上交所,20220,位图信息错误
上交所,20256,产品已被连续停牌
上交所,20258,基础产品已停牌
上交所,20268,组合策略构成头寸方向不符合要求
上交所,20270,组合策略构成合约标的不符合要求
上交所,20272,组合策略构成合约行权价格不符合要求
上交所,20274,组合策略构成合约乘数不一致
上交所,20276,组合份数与成分合约比例不符或成分合约比例与策略要求比例不符
上交所,20278,组合策略拆分数量超过SM78记录值
上交所,20280,合约不能进行垂直价差策略的组合
上交所,20282,认购期权普通卖开转备兑策略不支持拆分
上交所,20284,拆分申报策略与组合时不匹配
上交所,20286,拆分申报合约与组合时不匹配
上交所,20288,组合时组合编号不为空
上交所,20290,拆分申报账户与组合时不同
上交所,20292,拆分时，组合编号不能为空
上交所,20294,该组合持仓不存在
上交所,20296,资金不足以拆分
上交所,20298,组合份数必须大于0
上交所,20300,组合策略构成合约数量不符合要求
上交所,20302,组合策略构成合约到期日不符合要求
上交所,20304,组合策略构成合约期权类型不符合要求
上交所,20306,组合策略构成合约备兑标签不符合要求
上交所,20310,该产品已经独立停牌
上交所,20312,该产品停复牌预设时间有误
上交所,20314,禁止做市商自成交
上交所,21002,参数值非法
上交所,21004,参数值非法
上交所,21006,参数值非法
上交所,21008,参数值非法
上交所,21010,参数值非法
上交所,21012,参数值非法
上交所,21014,参数值非法
上交所,21016,参数值非法
上交所,21018,参数值非法
上交所,21020,参数值非法
上交所,21022,参数值非法
上交所,21024,参数值非法
上交所,21028,参数值非法
上交所,21030,参数值非法
上交所,21032,参数值非法
上交所,21034,参数值非法
上交所,21036,参数值非法
上交所,21038,无效参数
上交所,21040,无效参数
上交所,21042,无效参数
上交所,21046,无效参数
上交所,21048,无效参数
上交所,21054,无效参数
上交所,21056,无效参数
上交所,21070,无效参数
上交所,21078,无效参数
上交所,21080,无效参数
上交所,21082,无效参数
上交所,21084,无效参数
上交所,21086,无效参数
上交所,21094,无效参数
上交所,21100,无效参数
上交所,21102,参数值非法
上交所,21104,参数值非法
上交所,21114,参数值非法
上交所,21124,参数值非法
上交所,21132,参数值非法
上交所,21140,参数值非法
上交所,21142,参数值非法
上交所,21202,参数值非法
上交所,21204,参数值非法
上交所,21206,参数值非法
上交所,21208,参数值非法
上交所,21212,参数值非法
上交所,21214,参数值非法
上交所,21216,参数值非法
上交所,21218,参数值非法
上交所,21220,参数值非法
上交所,21224,参数值非法
上交所,21226,参数值非法
上交所,21228,参数值非法
上交所,21230,参数值非法
上交所,21232,参数值非法
上交所,21234,参数值非法
上交所,21236,参数值非法
上交所,21238,参数值非法
上交所,21240,参数值非法
上交所,21242,参数值非法
上交所,21244,STEP模板
上交所,21246,STEP模板
上交所,21248,STEP字段
上交所,21250,STEP字段
上交所,21252,STEP字段
上交所,21254,STEP字段
上交所,21256,STEP模板
上交所,21258,STEP模板
上交所,21260,参数值非法
上交所,21262,参数值非法
上交所,21264,参数值非法
上交所,21266,参数值非法
上交所,21268,参数值非法
上交所,21270,参数值非法
上交所,21272,参数值非法
上交所,21274,参数值非法
上交所,21276,参数值非法
上交所,21278,参数值非法
上交所,21280,参数值非法
上交所,21282,参数值非法
上交所,21284,参数值非法
上交所,21286,参数值非法
深交所,21001,账户为未开户账户 
深交所,21002,账户是一个无效账户（已注销、挂失等等） 
深交所,21003,账户无对应业务产品的交易权限 
深交所,21005,证券的业务开关关闭 
深交所,21006,当前阶段不允许申报该类委托 
深交所,21007,证券停牌，不允许该类申报委托 
深交所,21008,委托价格不是价格档位的整数倍;网上发行认购价格不等于发行价;配股认购价格不等于配股价 
深交所,21009,委托价格超过涨跌幅限制；盘后定价大宗交易委托价格不为指定价格；转融通证券出借委托的费率与公布的不一致 
深交所,21010,委托数量不是数量单位的整数倍；分级基金分拆合并委托数量非配比的整数倍 
深交所,21011,托数量和金额都未满足最低交易门槛要求；委托数量或金额超过上限;开放式基金申购未满足最低申购金额要求；债券质押式协议回购初始交易、到期续做金额超过质押券实际总面额 
深交所,21012,对折算率为0的证券不允许申报质押式回购质押申报；对非A股证券，成交申报业务子类别必须为非受限股份转让；对限售股份出借标志为否的证券，不允许使用首发后可出借限售股份进行转融通出借（含约定、非约定）;股份性质不适用于该产品所在的业务 
深交所,21013,融资融券标的不存在或业务被禁止；申报转融通证券出借委托，证券代码和期限不在当天发布的标的范围内;证券代码不在当天发布的港股通标的范围内;证券代码不在股票质押式回购业务标的范围内 
深交所,21014,证券当天集中竞价没有成交，不能申报以成交量加权平均价交易的委托 
深交所,21015,融券卖出禁止申报市价委托 
深交所,21016,融券卖出委托价格不满足提价检查要求 
深交所,21017,信用账户只能买入担保品证券 
深交所,21018,非信用账户申报融资融券委托 
深交所,21019,债券分销业务中，卖委托的交易单元非承销商交易单元 
深交所,21020,债券分销业务中，卖委托的证券账户非承销商证券账户或者买委托的证券账户为承销商证券账户 
深交所,21021,债券分销业务中，自行挂牌量超出自行挂牌总量 
深交所,21022,持有股份不足;质押式报价回购初始交易数量大于可用标准券数量 
深交所,21023,委托的交易单元不存在；黄金ETF投资者交易单元找不到托管单元；转融通投资者交易单元找不到托管单元 
深交所,21024,委托的交易单元无对应产品的交易权限 
深交所,21025,委托的交易单元无对应业务的交易权限 
深交所,21026,信用账户必须通过信用交易单元申报；非信用账户必须通过非信用交易单元申报 
深交所,21027,QFII账户未从指定交易单元申报 
深交所,21028,交易单元无对应产品的业务权限 
深交所,21029,市场参与者业务资格被限制；持有可售冻结股份账户禁止市场化转融通证券约定申报出借 
深交所,21030,协议交易成交申报约定号重复 
深交所,21031,交易双方申报要素不匹配 
深交所,21032,B股协议交易境内账户和境外账户不能成交 
深交所,21033,协议交易点击成交申报约定号错误，未找到对应的定价申报 
深交所,21034,委托中的金额必须为金额单位的整数倍 
深交所,21035,申购ETF时投资者成份股不足 
深交所,21036,赎回ETF时基金公司成份股不足 
深交所,21037,现金替代部分超过上限 
深交所,21038,合约账户标识码与申报交易单元对应的结算账号不一致；保证金查询指令中的结算账号与交易单元不匹配或交易单元无对应结算账号 
深交所,21039,网上发行重复认购；询价重复或报价重复 
深交所,21040,非证券金融公司专用交易单元申报借入委托；证券金融公司专用交易单元申报出借委托；非金交所专用交易单元申报委托； 
深交所,21041,解押业务中对应的已质押股份不足 
深交所,21042,解押业务中对应的标准券不足 
深交所,21046,市价委托不满足成交条件撤单 
深交所,21047,基金累计申购或赎回总规模超限；质押式报价回购总规模超限;国际市场互联额度不可用 
深交所,21048,单个账户基金累计申购或赎回规模超限 
深交所,21049,基金净申购或净赎回总规模超限 
深交所,21050,单个账户基金净申购或净赎回规模超限 
深交所,21051,回购天数超过业务限制 
深交所,21055,会员无对应业务的交易权限 
深交所,21056,非业务指定交易的证券账户 
深交所,21059,当日净买入金额超出设定限额 
深交所,21060,期权平仓检查时，可平数量不足;质押式报价回购提前购回时，申报数量大于未到期合约数量；期权构建组合申报时，成份合约单腿持仓不足;期权解除组合或组合策略单边平仓时，组合策略持仓不足或申报的组合流水号对应的持仓不存在 
深交所,21061,超过投资者交易量限额 
深交所,21062,超过结算参与人持仓限额 
深交所,21063,超过投资者持仓限额 
深交所,21064,结算参与人可用资金不足 
深交所,21065,平台已关闭 
深交所,21067,备兑标签错误，只有卖开认购合约或买平认购合约时备兑标签可以为备兑 
深交所,21068,结算机构代码错误 
深交所,21069,委托中的账户为结算受限账户 
深交所,21070,委托中的账户为不合格账户 
深交所,21071,强平主动撤单的OwnerType必须与原委托的一致 
深交所,21073,双边报价申报的买价必须低于卖价 
深交所,21074,强平委托必须是限价委托 
深交所,21075,报价被更新或撤销 
深交所,21076,竞价委托申报方式错误，TimeInForce、OrdType、MaxPriceLevels、MinQty 字段的组合不合法 
深交所,21077,无做市报价权限 
深交所,21078,超过结算参与人交易量限额 
深交所,21079,受限股份减持，可用额度不足 
深交所,21095,主动撤单请求的applid或证券id与原委托的不一致 
深交所,21096,主动撤单请求目标委托不能被撤销 
深交所,21097,主动撤单未找到原始委托或者没有可以被撤销的报价 
深交所,21099,重单 
深交所,21101,应用标识错误 
深交所,21102,证券不支持所申报的业务 
深交所,21103,解包失败 
深交所,21104,平台未开放 
深交所,21105,网关对交易单元无权限 
深交所,21106,字段取值错误 
深交所,21107,不支持的消息类型 
深交所,21108,委托申报的平台错误，例如向现货集中竞价平台申报发行认购业务的委托 
深交所,21110,价格类型错误 
深交所,21111,成交申报中的多方交易单元不属于同一会员；债券质押式协议回购委托中的本方交易单元不属于本方交易商 
深交所,21112,网关无申报委托权限 
深交所,21113,资金查询服务暂停 
深交所,21114,临时停市拒绝 
深交所,21115,成交申报报文TradeHandlingInstr、TradeReportTransType、TradeReportType字段组合不合法 
深交所,21116,成交请求发起方错误 
深交所,21117,证券账户无三方回购业务的正/逆回购权限 
深交所,21118,三方回购申报的篮子个数超限；三方回购交易业务申报的篮子编号不在质押券篮子清单范围内 
深交所,21119,质押券或交付债券个数不符合业务要求 
深交所,21120,债券质押式协议回购初始交易、质押券变更的质押券不在协议回购业务允许的质押券范围内；三方回购初始交易申报的指定质押券不在申报的质押券篮子内;三方回购补券申报的证券及换券申报的换入证券不在其对应的在途合约指定质押券篮子内 
深交所,21121,三方回购初始交易、补券、换券（仅换入）申报的指定质押券全天停牌；债券质押式协议回购、债券借贷业务初始交易、质押券变更委托或债券借贷到期续做委托中的质押券全天停牌；债券质押式协议回购到期续做时在途合约已质押券全天停牌 
深交所,21122,三方回购换券申报的换出证券不在其对应的在途合约质押券列表中 
深交所,21123,成交申报中的对手方交易单元不存在 
深交所,21124,三方回购初始交易指定质押券的到期日小于合约到期日；三方回购到期续做对应在途合约质押券到期日小于续做合约到期日；债券质押式协议回购初始交易指定质押券的到期日小于合约到期日；债券质押式协议回购到期续做对应在途合约质押券到期日小于续做合约到期日；债券质押式协议回购质押券变更指定质押券的到期日小于对应在途合约的到期日 
深交所,21125,对应合约不存在 
深交所,21126,协议回购、三方回购的到期购回、到期续做委托对应的在途合约不是当日到期合约；三方回购提前购回、换券、补券对应的在途合约不是未到期合约；协议回购提前购回、质押券变更或债券借贷提前终止、质押券变更对应的在途合约不是未到期合约；债券借贷到期结算、到期续做委托对应的在途合约不是当日到期合约或处在宽限期的合约 
深交所,21127,委托申报单元、证券账户、交易商代码、交易主体代码、交易主体类型与对应合约不一致 
深交所,21128,三方回购到期续做金额超过原合约金额；三方回购提前购回金额小于原合约金额；三方回购解除质押金额（场内结算）小于原合约金额 
深交所,21129,三方回购入库证券不在质押券篮子清单范围内；期权构建、解除组合或行权指令合并申报时，成份合约标的证券与委托中 SecurityID 不一致 
深交所,21130,成交请求模式下确认方发起的委托未找到提交方申报的委托 
深交所,21131,协议回购、三方回购、债券借贷在途合约当前状态不允许申报该类别委托，比如已对合约申报了到期购回，则不能再次申报到期购回或到期续做 
深交所,21132,期权构建组合或行权指令合并申报时，合约的标的、合约单位、到期日不符规则 
深交所,21133,成份合约已过组合自动解除日 
深交所,21134,合约不支持申报的策略 
深交所,21135,期权构建组合或行权指令合并申报时，委托成份合约个数不符规则 
深交所,21136,委托成份合约数量不符规则 
深交所,21137,委托成份合约权利仓/义务仓不符规则 
深交所,21138,期权构建组合或行权指令合并申报时，委托成份合约认购/认沽不符规则 
深交所,21139,期权构建组合或行权指令合并申报时，委托成份合约行权价不符规则 
深交所,21140,解除组合，申报的组合流水号对应组合策略持仓的参与人信息与委托中的不一致 
深交所,21143,交易商或对手方交易商未报备申报的交易主体代码、交易主体类型；对手方交易商未报备接收转发消息的交易单元 
深交所,21144,交易商未报备申报的交易员代码 
深交所,21145,证券账户在交易商已报备的交易主体账户列表中不存在 
深交所,21146,订单已超时 
深交所,21147,询价请求QuoteReqID、报价QuoteID、报价回复QuoteRespID重复 
深交所,21149,"债券转让业务回售转售中,卖委托的证券账户非回售转售专用账户 "
深交所,21150,结算方式错误 
深交所,21151,结算周期错误 
深交所,21153,债券借贷初始交易、到期续做标的券的到期日小于合约的到期日 
深交所,21154,借贷费用场内支付金额大于借贷费用金额 
深交所,21155,申报宽限期不符合规则 
深交所,21156,标的券非法 
深交所,21157,换出质押券不足 
深交所,21158,债券借贷在途合约不允许申报解除质押 
深交所,21159,债券借贷初始交易、到期续做的标的券不在允许的标的券范围内；债券借贷提前终止、到期结算已摘牌标的证券不能指定数量 
深交所,21160,债券借贷初始交易、到期续做的标的券全天停牌 
深交所,21161,标的证券券面总额不符合规则 
深交所,21162,质押券券面总额不符合规则 
深交所,21163,债券借贷的到期日不为交易日 
深交所,21164,竞买预约日期超过业务限制 
深交所,21165,同一证券账户在同一个竞买日对于同一证券代码存在多笔有效竞买预约申报； 
深交所,21166,竞买发起或应价申报不满足成交条件 
深交所,21167,证券发生过临时停牌 
深交所,21168,竞买发起申报找不到对应的有效竞买预约申报；竞买应价申报找不到对应的有效竞买发起申报 
深交所,21169,单一主体竞买应价申报委托价格低于或等于当前委托簿中应价申报的委托价格 
深交所,21170,竞买预约已申报了竞买发起 
深交所,21201,议案号和子议案号错误 
深交所,21202,投票意向错误；投票数量应为大于等于0的整数 
深交所,30995,港股通撤单请求被联交所拒绝，具体拒绝原因代码见RejectText 
深交所,30996,港股通委托被联交所自动撤销，具体撤销原因代码见RejectText，撤销原因说明见IMCRejectText 
深交所,30997,港股通委托被联交所拒绝，具体拒绝原因代码见RejectText，拒绝原因说明见IMCRejectText 
深交所,30998,港股通委托被联交所拒绝，具体拒绝原因代码见RejectText，拒绝原因说明见IMCRejectText 
深交所,30999,其他错误 
